model,AUC_train,AUC_valid
GLM,0.9792682926829268,0.926392572944297
RF,1.0,0.9131299734748011
SVM,0.9780487804878049,0.4051724137931034
XGBoost,0.9969512195121951,0.8726790450928381
