model,AUC_train,AUC_valid
GLM,0.9792682926829268,0.9532019704433498
RF,1.0,0.9273399014778325
SVM,0.9780487804878049,0.37356321839080464
XGBoost,0.9969512195121951,0.897783251231527
