gene,AUC_train,AUC_valid
CA2,0.9658536585365853,0.9178981937602627
FN1,0.9085365853658537,0.8711001642036125
ALDH2,0.9402439024390243,0.8070607553366174
TSPYL5,0.924390243902439,0.7512315270935961
CDKN1B,0.9670731707317073,0.7175697865353037
VNN2,0.974390243902439,0.6486042692939245
IFI44L,0.6268292682926829,0.6395730706075534
XAF1,0.7780487804878049,0.6297208538587848
SYTL2,0.7780487804878049,0.5106732348111658
CREB5,0.7634146341463415,0.5016420361247947
