"id.exposure","id.outcome","outcome","exposure","method","nsnp","b","se","pval","lo_ci","up_ci","or","or_lci95","or_uci95"
"ULIkpM","ZfugKZ","GWAScatalog_GCST90435706","ALDH2","Inverse variance weighted",14,-0.395434132746449,0.184554518995663,0.0321419129464823,-0.75716098997795,-0.0337072755149492,0.673387636158671,0.46899602315852,0.966854485199115
"ULIkpM","ZfugKZ","GWAScatalog_GCST90435706","ALDH2","MR Egger",14,-0.301987192873432,0.300705336204306,0.335073358667052,-0.891369651833873,0.287395266087008,0.739347533746339,0.41009368235574,1.33295097968032
"ULIkpM","ZfugKZ","GWAScatalog_GCST90435706","ALDH2","Weighted median",14,-0.341134121153663,0.241730976846703,0.158181544801644,-0.8149268357732,0.132658593465875,0.710963546560469,0.442671713910243,1.14186009327971
"VxdvSa","ZfugKZ","GWAScatalog_GCST90435706","FN1","Inverse variance weighted",3,1.02121086399659,0.407528664089864,0.0122153055552828,0.222454682380461,1.81996704561273,2.7765547594978,1.24913921035248,6.17165506342125
"VxdvSa","ZfugKZ","GWAScatalog_GCST90435706","FN1","MR Egger",3,0.998188601293175,1.5413818181182,0.634146389237292,-2.02291976221849,4.01929696480484,2.71336239314469,0.132268707559861,55.6619597511369
"VxdvSa","ZfugKZ","GWAScatalog_GCST90435706","FN1","Weighted median",3,1.03122382032788,0.423899998648025,0.014986488314987,0.200379822977755,1.86206781767801,2.80449593449214,1.2218667631071,6.43703363088656
"p7jH9J","ZfugKZ","GWAScatalog_GCST90435706","VNN2","Inverse variance weighted",7,-0.262079311311059,0.129717839918518,0.0433440008072055,-0.516326277551353,-0.00783234507076458,0.769449995199569,0.596708668265831,0.992198247820425
"p7jH9J","ZfugKZ","GWAScatalog_GCST90435706","VNN2","MR Egger",7,-0.479125633253085,0.239692029034331,0.102079934459046,-0.948922010160375,-0.00932925634579607,0.619324672031709,0.38715815113766,0.990714126152553
"p7jH9J","ZfugKZ","GWAScatalog_GCST90435706","VNN2","Weighted median",7,-0.306053019547285,0.131279079847713,0.0197367030628896,-0.563360016048803,-0.0487460230457676,0.736347577605909,0.569293013010482,0.952422992474189
