"id.exposure","id.outcome","exposure","outcome","snp_r2.exposure","snp_r2.outcome","correct_causal_direction","steiger_pval"
"mi3Swi","ZfugKZ","CA2","GWAScatalog_GCST90435706",0.0582883563227578,0.010489598648904,TRUE,NA
"Fkeifk","ZfugKZ","XAF1","GWAScatalog_GCST90435706",0.0110531079404193,0.00189563096633209,TRUE,NA
"ULIkpM","ZfugKZ","ALDH2","GWAScatalog_GCST90435706",0.0784873961390224,0.00937939371621444,TRUE,NA
"VxdvSa","ZfugKZ","FN1","GWAScatalog_GCST90435706",0.0139450715265476,0.00598502955498198,TRUE,NA
"p7jH9J","ZfugKZ","VNN2","GWAScatalog_GCST90435706",0.0593859236164393,0.00834469725390626,TRUE,NA
"SXWrRL","ZfugKZ","IFI44L","GWAScatalog_GCST90435706",0.0209545341619689,0.00341904811974507,TRUE,NA
"bheArY","ZfugKZ","CREB5","GWAScatalog_GCST90435706",0.0766996760360244,0.0112662966538341,TRUE,NA
"BAm7Zx","ZfugKZ","CDKN1B","GWAScatalog_GCST90435706",0.00966452157297269,0.000975077902209217,TRUE,NA
"obc8mT","ZfugKZ","TSPYL5","GWAScatalog_GCST90435706",0.0350373272428999,0.00533322146288931,TRUE,NA
"n3Lf59","ZfugKZ","SYTL2","GWAScatalog_GCST90435706",0.0549511471009794,0.00729261235329635,TRUE,NA
