"gene","logFC","adj.P.Val","Sig"
"FN1",2.10423402071208,8.25475978200833e-08,"Up"
"ALDH2",-0.421044481440402,6.60028212320184e-06,"Not"
