SNP,chr,pos,effect_allele,other_allele,beta,se,pval,eaf,exposure
rs10932612,2,216215102,T,C,-0.21082,0.0119182,5.115640300070042e-70,0.577616,FN1
rs17525860,2,216548760,T,G,-0.136156,0.0147495,2.671160598843817e-20,0.203103,FN1
rs615857,2,216576315,G,A,-0.0892814,0.014637,1.0633102490963554e-09,0.791706,FN1
rs141094656,1,92753336,C,T,0.238907,0.0429813,2.7225759259360742e-08,0.0195137,ALDH2
rs1375493,2,182323766,A,G,0.178081,0.0119117,1.552744501432994e-50,0.565077,ALDH2
rs9880192,3,128297569,C,G,-0.0734046,0.0121708,1.627496262889174e-09,0.392874,ALDH2
rs149007767,7,50370254,T,C,-0.323304,0.0164582,6.480372941922888e-86,0.149708,ALDH2
rs150640087,7,50444152,T,G,0.287794,0.050392,1.1231040672038454e-08,0.0141169,ALDH2
rs7785014,7,137881690,C,T,-0.080856,0.0126231,1.5016890016146888e-10,0.668332,ALDH2
rs2293889,8,116599199,G,T,0.0696144,0.0121379,9.728144210955535e-09,0.600603,ALDH2
rs1991866,8,130624105,C,G,-0.0805766,0.0120496,2.277718241857322e-11,0.582429,ALDH2
rs10980800,9,113915905,C,T,0.114848,0.0142627,8.132049246541525e-16,0.22312,ALDH2
rs10774621,12,111817367,A,G,0.112208,0.0144517,8.216748609764339e-15,0.215201,ALDH2
rs145488714,12,112059359,A,G,0.607542,0.0189684,4.305266104916969e-225,0.102233,ALDH2
rs78834294,12,112783678,A,G,0.419053,0.0412864,3.320473357975072e-24,0.021075,ALDH2
rs13333054,16,86011033,T,C,-0.138921,0.01453,1.1662724050819664e-21,0.211395,ALDH2
rs7212590,17,57885709,T,C,-0.145062,0.020753,2.7491598965510364e-12,0.0900785,ALDH2
rs17196752,20,48887268,T,C,-0.152842,0.0147941,5.0815944256056e-25,0.20106,ALDH2
