exposure,method,nsnp,b,se,or,or_lci95,or_uci95,pval
ALDH2,Inverse variance weighted,15,-0.4022370356240868,0.18262386322591956,0.6688221922139435,0.4675823446164572,0.9566724020873585,0.027626927279496227
ALDH2,MR Egger,15,-0.2961083990742486,0.21629582039326242,0.7437068065212713,0.4867287916376212,1.136361406123394,0.17100011173648744
ALDH2,Weighted median,15,-0.34290119599384894,0.2373848813729789,0.709708330122369,0.44567042234375376,1.1301757724827866,0.14859987781589368
FN1,Inverse variance weighted,3,1.021210863996593,0.4075286640898637,2.7765547594977997,1.2491392103524765,6.171655063421252,0.012215305555282718
FN1,MR Egger,3,0.9981886012931745,1.5413818181181982,2.713362393144694,0.1322687075598611,55.66195975113703,0.5172480053684043
FN1,Weighted median,3,1.038101178753288,0.4450905392630763,2.823849934148704,1.180246980161213,6.756321841638972,0.019682964121724877
