exposure,method,Q,Q_df,Q_pval
ALDH2,IVW,14.796297431941875,14,0.3922197930534374
FN1,IVW,2.384782352427267,2,0.3034946864501407
