exposure,SNP_excluded,b,se,pval
ALDH2,rs141094656,-0.4174265188783158,0.1835494427673327,0.022954495945404663
ALDH2,rs1375493,-0.41810661678325906,0.1928975466886001,0.030196282049037126
ALDH2,rs9880192,-0.4038954403345728,0.18422180120248913,0.02834767486705969
ALDH2,rs149007767,-0.4075279940188725,0.2011045849923526,0.04271889127377859
ALDH2,rs150640087,-0.38191908243378714,0.184204986372597,0.03814089293870615
ALDH2,rs7785014,-0.4242127020590007,0.1843881028373411,0.021411356980931773
ALDH2,rs2293889,-0.37517952325895376,0.1840880505751713,0.041545545620672586
ALDH2,rs1991866,-0.3954341327464495,0.1845545189956634,0.032141912946482165
ALDH2,rs10980800,-0.4298452358880936,0.18563092575364606,0.020580629884988433
ALDH2,rs10774621,-0.369582673780388,0.18508803287045877,0.04584756547891611
ALDH2,rs145488714,-0.45175503812114853,0.24000253297920615,0.05979627251107411
ALDH2,rs78834294,-0.3970884081824276,0.18532348658371833,0.0321390278900715
ALDH2,rs13333054,-0.3552373585491497,0.18692127435582387,0.057372110631593864
ALDH2,rs7212590,-0.39978736859902547,0.18448451326002513,0.03023095745580351
ALDH2,rs17196752,-0.42858238781485297,0.18705521072802037,0.021951388796425775
FN1,rs10932612,0.6663897300570099,0.7388510645951366,0.3670956432597361
FN1,rs17525860,1.2561918182861311,0.459615132845594,0.006273394494066498
FN1,rs615857,0.9367845911742527,0.42730488899713986,0.028357162268674685
