exposure,SNP_excluded,b,se,pval
ALDH2,rs141094656,-0.023427278030220093,0.03631743640677743,0.5188820144112853
ALDH2,rs1375493,-0.031231889755435803,0.037795149500488456,0.4086075590082605
ALDH2,rs9880192,-0.02791273461666324,0.036247428926536755,0.44126365579014304
ALDH2,rs149007767,-0.06083162805302269,0.04055659798139727,0.13363528240212075
ALDH2,rs150640087,-0.026102661459672827,0.03624981749396664,0.47147756012738884
ALDH2,rs7785014,-0.027306780428395447,0.03629047057725238,0.45178022522489547
ALDH2,rs2293889,-0.027672093238995093,0.03620711977692809,0.44470507892117483
ALDH2,rs1991866,-0.026168307469722138,0.03632824689125463,0.4713221532581422
ALDH2,rs10980800,-0.031035592693364568,0.03650765753244177,0.3952628977499586
ALDH2,rs10774621,-0.024533491024807667,0.03648161356576132,0.5012723150141309
ALDH2,rs145488714,-0.07448868335034865,0.042838228782822424,0.08206349531125712
ALDH2,rs78834294,-0.027317361922609838,0.038563501430342144,0.4787133534349277
ALDH2,rs13333054,-0.024935428022737984,0.03667102785154418,0.4965194988360011
ALDH2,rs7212590,-0.032321351841309055,0.03639470335375941,0.3744985522552269
ALDH2,rs17196752,-0.027262707612229774,0.03693551519294778,0.46044374983647574
FN1,rs10932612,0.18319979855069085,0.15427811152504678,0.23504440540102078
FN1,rs17525860,0.006857676892288151,0.09384646212253876,0.9417477356847479
FN1,rs615857,-0.010144484344518138,0.08702364003060017,0.9071995497396772
