exposure,egger_intercept,se,pval
ALDH2,-0.03126407335437157,0.008535886829294625,0.000249607223463455
FN1,0.06641190148711065,0.010030874209634145,3.5738301207288714e-11
