exposure,method,Q,Q_df,Q_pval
ALDH2,IVW,7.213851950808521,14,0.926153122253651
FN1,IVW,1.4546531903815256,2,0.4831990515618464
