exposure,method,nsnp,b,se,or,or_lci95,or_uci95,pval
ALDH2,Inverse variance weighted,15,-0.03170386481893242,0.03597291445827109,0.9687934334225377,0.9028392337252014,1.0395657184391924,0.3781413972840588
ALDH2,MR Egger,15,0.10054126192253451,0.04503909584418151,1.1057692669286119,1.012340153114368,1.207820975906409,0.025594425867343062
ALDH2,Weighted median,15,0.0038775288386590076,0.047277759555709634,1.0038850561796222,0.9150405663409404,1.10135576835756,0.9346340555737898
FN1,Inverse variance weighted,3,0.02481197169633917,0.08339070997511609,1.025122350385288,0.8705467470346385,1.2071446327713902,0.7660551910964419
FN1,MR Egger,3,-0.36161041239705666,0.061452466707204896,0.6965536836676396,0.61751170997152,0.7857130907741574,3.995195729800116e-09
FN1,Weighted median,3,0.0016740007946624558,0.08769358928837133,1.001675402716156,0.8434915167822861,1.1895242482510344,0.9847699440110753
