exposure,egger_intercept,se,pval
ALDH2,-0.025076568275191308,0.04011063373171083,0.5318496173261418
FN1,0.003913094161388935,0.2483150499348149,0.9874269876197939
