"exposure","paper_nsnp","paper_b","paper_se","paper_pval","ours_nsnp","ours_b","ours_se","or","ours_pval"
"ALDH2",14,-0.395434133,0.184554519,0.032141913,14,-0.395434132746449,0.184554518995663,0.673387636158671,0.0321419129464823
"FN1",3,1.021210864,0.407528664,0.012215306,3,1.02121086399659,0.407528664089864,2.7765547594978,0.0122153055552828
