"id.exposure","id.outcome","outcome","exposure","method","nsnp","b","se","pval","lo_ci","up_ci","or","or_lci95","or_uci95"
"Z1kcsD","1vEmPn","GWAScatalog_GCST90435706","ALDH2","Inverse variance weighted",14,-0.395434132746449,0.184554518995663,0.0321419129464823,-0.75716098997795,-0.0337072755149492,0.673387636158671,0.46899602315852,0.966854485199115
"Z1kcsD","1vEmPn","GWAScatalog_GCST90435706","ALDH2","MR Egger",14,-0.301987192873432,0.300705336204306,0.335073358667052,-0.891369651833873,0.287395266087008,0.739347533746339,0.41009368235574,1.33295097968032
"Z1kcsD","1vEmPn","GWAScatalog_GCST90435706","ALDH2","Weighted median",14,-0.341134121153663,0.238091940653594,0.151919817646463,-0.807794324834706,0.125526082527381,0.710963546560469,0.445840361525628,1.1337447395031
"wW1aje","1vEmPn","GWAScatalog_GCST90435706","FN1","Inverse variance weighted",3,1.02121086399659,0.407528664089864,0.0122153055552828,0.222454682380461,1.81996704561273,2.7765547594978,1.24913921035248,6.17165506342125
"wW1aje","1vEmPn","GWAScatalog_GCST90435706","FN1","MR Egger",3,0.998188601293175,1.5413818181182,0.634146389237292,-2.02291976221849,4.01929696480484,2.71336239314469,0.132268707559861,55.6619597511369
"wW1aje","1vEmPn","GWAScatalog_GCST90435706","FN1","Weighted median",3,1.03122382032788,0.434373653531128,0.0175942722058786,0.179851459406873,1.8825961812489,2.80449593449214,1.19703954095182,6.57054105358036
