"exposure","outcome","id.exposure","id.outcome","samplesize","SNP","b","se","p"
"ALDH2","FinnGen_R12_DKD","fUNYEO","2F4WQf",NA,"rs10774621",-0.0202889671608703,0.037324335908584,0.586726751794786
"ALDH2","FinnGen_R12_DKD","fUNYEO","2F4WQf",NA,"rs10980800",-0.0268724439232457,0.0394393474604286,0.495642922330758
"ALDH2","FinnGen_R12_DKD","fUNYEO","2F4WQf",NA,"rs13333054",-0.020651573296246,0.0382612219851174,0.58936803381978
"ALDH2","FinnGen_R12_DKD","fUNYEO","2F4WQf",NA,"rs1375493",-0.0267684446636658,0.0408649786561013,0.512438077097141
"ALDH2","FinnGen_R12_DKD","fUNYEO","2F4WQf",NA,"rs141094656",-0.0192066459307075,0.0365584809186915,0.5993275858665
"ALDH2","FinnGen_R12_DKD","fUNYEO","2F4WQf",NA,"rs145488714",-0.0695367336775867,0.0432353709990761,0.107762977074327
"ALDH2","FinnGen_R12_DKD","fUNYEO","2F4WQf",NA,"rs149007767",-0.0561741049074495,0.0408931161471945,0.169540675508824
"ALDH2","FinnGen_R12_DKD","fUNYEO","2F4WQf",NA,"rs150640087",-0.0219334371477378,0.0368383493301894,0.551578230672221
"ALDH2","FinnGen_R12_DKD","fUNYEO","2F4WQf",NA,"rs17196752",-0.0229480555172644,0.0394817454105721,0.56108407490422
"ALDH2","FinnGen_R12_DKD","fUNYEO","2F4WQf",NA,"rs1991866",-0.02198165688132,0.0374829154928474,0.557576717601021
"ALDH2","FinnGen_R12_DKD","fUNYEO","2F4WQf",NA,"rs7212590",-0.0282014668419947,0.0393258239228115,0.473297985333279
"ALDH2","FinnGen_R12_DKD","fUNYEO","2F4WQf",NA,"rs7785014",-0.0231440878993609,0.0379705023380892,0.542174457273548
"ALDH2","FinnGen_R12_DKD","fUNYEO","2F4WQf",NA,"rs78834294",-0.0226089532950181,0.0415219104528949,0.586092924331677
"ALDH2","FinnGen_R12_DKD","fUNYEO","2F4WQf",NA,"rs9880192",-0.0237680801431825,0.0381020826634064,0.532758922796808
"ALDH2","FinnGen_R12_DKD","fUNYEO","2F4WQf",NA,"All",-0.0276720932389951,0.0373514707352149,0.458780236311547
"FN1","FinnGen_R12_DKD","0gImqD","2F4WQf",NA,"rs10932612",0.183199798550691,0.154278111525047,0.235044405401021
"FN1","FinnGen_R12_DKD","0gImqD","2F4WQf",NA,"rs17525860",0.00685767689228817,0.139539038102378,0.960803565625473
"FN1","FinnGen_R12_DKD","0gImqD","2F4WQf",NA,"rs615857",-0.0101444843445181,0.0870236400306002,0.907199549739677
"FN1","FinnGen_R12_DKD","0gImqD","2F4WQf",NA,"All",0.0248119716963392,0.0910598746518158,0.785253161143956
