"exposure","outcome","id.exposure","id.outcome","samplesize","SNP","b","se","p"
"ALDH2","GWAScatalog_GCST90435706","fUNYEO","X8sDEr",NA,"rs10774621",-0.361877563131636,0.187098769103975,0.053094373278528
"ALDH2","GWAScatalog_GCST90435706","fUNYEO","X8sDEr",NA,"rs10980800",-0.423418225478273,0.187659602291641,0.0240512274851823
"ALDH2","GWAScatalog_GCST90435706","fUNYEO","X8sDEr",NA,"rs13333054",-0.34705568298169,0.188993026081261,0.06630720791497
"ALDH2","GWAScatalog_GCST90435706","fUNYEO","X8sDEr",NA,"rs1375493",-0.41087532842324,0.195176905755035,0.0352788481247061
"ALDH2","GWAScatalog_GCST90435706","fUNYEO","X8sDEr",NA,"rs141094656",-0.410879207391129,0.185509919627739,0.0267694137845195
"ALDH2","GWAScatalog_GCST90435706","fUNYEO","X8sDEr",NA,"rs145488714",-0.441667674068879,0.244435972266401,0.0707802230787337
"ALDH2","GWAScatalog_GCST90435706","fUNYEO","X8sDEr",NA,"rs149007767",-0.399378118606707,0.203691432150706,0.0499138413636544
"ALDH2","GWAScatalog_GCST90435706","fUNYEO","X8sDEr",NA,"rs150640087",-0.37455577710991,0.186186771781324,0.0442493905463066
"ALDH2","GWAScatalog_GCST90435706","fUNYEO","X8sDEr",NA,"rs17196752",-0.42202597429658,0.189131468786015,0.0256553395150543
"ALDH2","GWAScatalog_GCST90435706","fUNYEO","X8sDEr",NA,"rs2293889",-0.367680158221005,0.186066023528186,0.0481464411843645
"ALDH2","GWAScatalog_GCST90435706","fUNYEO","X8sDEr",NA,"rs7212590",-0.392788956457965,0.186475432244639,0.0351709682859043
"ALDH2","GWAScatalog_GCST90435706","fUNYEO","X8sDEr",NA,"rs7785014",-0.417751226342085,0.186375868384965,0.0249972754956224
"ALDH2","GWAScatalog_GCST90435706","fUNYEO","X8sDEr",NA,"rs78834294",-0.389965687985879,0.187341990304282,0.0373816560636775
"ALDH2","GWAScatalog_GCST90435706","fUNYEO","X8sDEr",NA,"rs9880192",-0.397006263072719,0.186204135233839,0.0329984384538414
"ALDH2","GWAScatalog_GCST90435706","fUNYEO","X8sDEr",NA,"All",-0.395434132746449,0.184554518995663,0.0321419129464823
"FN1","GWAScatalog_GCST90435706","0gImqD","X8sDEr",NA,"rs10932612",0.66638973005701,0.783038065633184,0.394752088603505
"FN1","GWAScatalog_GCST90435706","0gImqD","X8sDEr",NA,"rs17525860",1.25619181828613,0.459615132845594,0.00627339449406658
"FN1","GWAScatalog_GCST90435706","0gImqD","X8sDEr",NA,"rs615857",0.936784591174253,0.432174793978272,0.0301886918882245
"FN1","GWAScatalog_GCST90435706","0gImqD","X8sDEr",NA,"All",1.02121086399659,0.407528664089864,0.0122153055552828
